sample,native,designed,seq,expr,yield,log(kcat),kcat,err1/kcat,err1,log(km),km,err2/km,err2,linear_slope,std_err/slope,std_err,R,ki,err6,note,kcat/km,wt eff/eff,,,,,
e177k,e,k,177,1,0.953,2.744245,554.93873,0.0131132260,7.277037,-2.208108,0.006193,0.048400,0.000299735,NA,NA,NA,NA,NA,NA,,89609.21396,1.91770458,,,,,
e222h,e,h,222,1,0.700,2.203341,159.71318,0.0196622950,3.140328,-2.068394,0.008543,0.061786,0.000527835,NA,NA,NA,NA,NA,NA,,18695.38389,9.191787716,,,,,
e222k,e,k,222,1,0.500,2.033417,107.99842,0.0291342990,3.146458,-2.141355,0.007222,0.104192,0.000752455,NA,NA,NA,NA,NA,NA,,14954.53281,11.49109786,,,,,
e222r,e,r,222,1,0.151,1.626530,42.31852,0.0442615880,1.873085,-2.606407,0.002475,0.178743,0.000442408,NA,NA,NA,NA,NA,NA,,17097.68988,10.05071452,,,,,
,,,,,,,,,,,,,,,,,,,,,,,,,,,
,,,,,,,,,,,,,,,,,,,,,,,,,,,
,,,,,,,,,,,,,,,,,,,,,,,,,,,
,,,,,,,,,,,,,,,,,,,,,,,,,,,
,,,,,,,,,,,,,,,,,,,,,,,,,,,
,,,,,,,,,,,,,,,,,,,,,,,,,,,
,,,,,,,,,,,,,,,,,,,,,,,,,,,
,,,,,,,,,,,,,,,,,,,,,,,,,,,
,,,,,,,,,,,,,,,,,,,,,,,,,,,
,,,,,,,,,,,,,,,,,,,,,,,,,,,