sample,native,designed,seq,expr,yield,log(kcat),kcat,err1/kcat,err1,log(km),km,err2/km,err2,linear_slope,std_err/slope,std_err,R,ki,err6,note,kcat/km,wt eff/eff,
h119e,h,e,119,1,0.249,,NA,NA,NA,,NA,NA,,2.699459,0.02856,0.077096,0.991544,NA,NA,,,,
r240d,r,d,240,1,0.8,2.450665,282.2702,0.013425,3.789486,-1.96585,0.010818,0.043831,0.000474,NA,NA,NA,NA,NA,NA,,26092.63,6.585921,
,,,,,,,,,,,,,,,,,,,,,,,
,,,,,,,,,,,,,,,,,,,,,,,
,,,,,,,,,,,,,,,,,,,,,,,
,,,,,,,,,,,,,,,,,,,,,,,
,,,,,,,,,,,,,,,,,,,,,,,
,,,,,,,,,,,,,,,,,,,,,,,
,,,,,,,,,,,,,,,,,,,,,,,
,,,,,,,,,,,,,,,,,,,,,,,
,,,,,,,,,,,,,,,,,,,,,,,
,,,,,,,,,,,,,,,,,,,,,,,